pdbid,category,rationale,alpha_chain,alpha_gene,alpha_cdr3,alpha_gene_match,beta_chain,beta_gene,beta_cdr3,beta_gene_match,species,tcr3d_alpha_url,tcr3d_beta_url,rcsb_url
7N2O,positive,AS4.2 reference; TRAV21/TRBV9 with VGLFSTDTQ,D,TRAV21,CAVLSPVQETSGSRLTF,exact,F,TRBV9,CASSVGLFSTDTQYF,exact,Human,https://tcr3d.ibbr.umd.edu/tcra,https://tcr3d.ibbr.umd.edu/tcrb,https://www.rcsb.org/structure/7N2O
7N2N,positive_replicate,AS4.2 second experimental complex,D,TRAV21,CAVLSPVQETSGSRLTF,exact,F,TRBV9,CASSVGLFSTDTQYF,exact,Human,https://tcr3d.ibbr.umd.edu/tcra,https://tcr3d.ibbr.umd.edu/tcrb,https://www.rcsb.org/structure/7N2N
7N2P,natural_near_negative,AS4.3; TRAV21/TRBV9 with VATYSTDTQ,D,TRAV21,CAVSNFNKFYF,exact,F,TRBV9,CASSVATYSTDTQYF,exact,Human,https://tcr3d.ibbr.umd.edu/tcra,https://tcr3d.ibbr.umd.edu/tcrb,https://www.rcsb.org/structure/7N2P
7N2Q,natural_near_negative,AS4.3 replicate; TRAV21/TRBV9 with VATYSTDTQ,"D,E",TRAV21,CAVSNFNKFYF,exact,"F,G",TRBV9,CASSVATYSTDTQYF,exact,Human,https://tcr3d.ibbr.umd.edu/tcra,https://tcr3d.ibbr.umd.edu/tcrb,https://www.rcsb.org/structure/7N2Q
7N2S,natural_near_negative,AS3.1; TRAV21/TRBV9 with VGLYSTDTQ,D,TRAV21,CAVSLGTGAGSYQLTF,exact,F,TRBV9,CASSVGLYSTDTQYF,exact,Human,https://tcr3d.ibbr.umd.edu/tcra,https://tcr3d.ibbr.umd.edu/tcrb,https://www.rcsb.org/structure/7N2S
8CX4,near_motif_negative,TRAV21/TRBV9 with VGTYSTDTQ,D,TRAV21,CAVNSPGSGAGSYQLTF,exact,F,TRBV9,CASSVGTYSTDTQYF,exact,Human,https://tcr3d.ibbr.umd.edu/tcra,https://tcr3d.ibbr.umd.edu/tcrb,https://www.rcsb.org/structure/8CX4
9PBG,near_motif_negative,TRAV21/TRBV9 with PATYSTDTQ,D,TRAV21,CGIALIGSGAGSYQLTF,exact,E,TRBV9,CASSPATYSTDTQYF,exact,Human,https://tcr3d.ibbr.umd.edu/tcra,https://tcr3d.ibbr.umd.edu/tcrb,https://www.rcsb.org/structure/9PBG
9PBH,near_motif_negative,TRAV21/TRBV9 with PATYSTDTQ replicate,D,TRAV21,CGIALIGSGAGSYQLTF,exact,E,TRBV9,CASSPATYSTDTQYF,exact,Human,https://tcr3d.ibbr.umd.edu/tcra,https://tcr3d.ibbr.umd.edu/tcrb,https://www.rcsb.org/structure/9PBH
8RYP,germline_hard_negative,TRAV21/TRBV9 with unrelated CDR3 beta,D,TRAV21,CAVRQRGSQGNLIF,exact,E,TRBV9,CASSPGGGHNEQFF,exact,Human,https://tcr3d.ibbr.umd.edu/tcra,https://tcr3d.ibbr.umd.edu/tcrb,https://www.rcsb.org/structure/8RYP
8RYQ,germline_hard_negative,TRAV21/TRBV9 with unrelated CDR3 beta replicate,"D,I",TRAV21,CAVRQWGSLGNLIF,exact,"E,J",TRBV9,CASSPGGGHNEQFF,exact,Human,https://tcr3d.ibbr.umd.edu/tcra,https://tcr3d.ibbr.umd.edu/tcrb,https://www.rcsb.org/structure/8RYQ
5KS9,trbv9_alt_alpha_negative,TRBV9 with TRAV20 and non-Y/FSTDTQ CDR3 beta,"E,G",TRAV20,CAVALNNNAGNMLTF,exact,"F,H",TRBV9,CASSVAPGSDTQYF,exact,Human,https://tcr3d.ibbr.umd.edu/tcra,https://tcr3d.ibbr.umd.edu/tcrb,https://www.rcsb.org/structure/5KS9
5KSA,trbv9_alt_alpha_negative,TRBV9 with TRAV20 and non-Y/FSTDTQ CDR3 beta,C,TRAV20,CAVQFMDSNYQLIW,exact,D,TRBV9,CASSVAGTPSYEQYF,exact,Human,https://tcr3d.ibbr.umd.edu/tcra,https://tcr3d.ibbr.umd.edu/tcrb,https://www.rcsb.org/structure/5KSA
9J4S,trbv9_alt_alpha_negative,TRBV9 with TRAV3 and non-Y/FSTDTQ CDR3 beta,"B,I",TRAV3,CAVRDYNNARLMF,exact,"A,G",TRBV9,CASSVSGGAYNEQFF,exact,Human,https://tcr3d.ibbr.umd.edu/tcra,https://tcr3d.ibbr.umd.edu/tcrb,https://www.rcsb.org/structure/9J4S
6ZKW,trav21_alt_beta_negative,TRAV21 with TRBV6-5 and unrelated CDR3 beta,D,TRAV21,CAVTNQAGTALIF,exact,E,TRBV6-5,CASSYSIRGSRGEQFF,approximate,Human,https://tcr3d.ibbr.umd.edu/tcra,https://tcr3d.ibbr.umd.edu/tcrb,https://www.rcsb.org/structure/6ZKW
9YIR,trav21_alt_beta_negative,TRAV21 with TRBV27 and unrelated CDR3 beta,A,TRAV21,CAVDTGGFKTIF,exact,B,TRBV27,CASSSGDGNYGYTF,exact,Human,https://tcr3d.ibbr.umd.edu/tcra,https://tcr3d.ibbr.umd.edu/tcrb,https://www.rcsb.org/structure/9YIR
