structure,chain,resseq,residue,sasa_tcr_isolated_A2,sasa_in_pmhc_complex_A2,pmhc_buried_A2
7N2O,F,95,V,68.08,53.49,14.59
7N2O,F,96,G,7.63,7.63,0.0
7N2O,F,97,L,83.98,26.78,57.21
7N2O,F,98,F,131.34,19.44,111.9
7N2O,F,99,S,38.75,0.95,37.8
7N2O,F,100,T,74.54,6.0,68.54
7N2O,F,101,D,45.0,27.65,17.36
7N2O,F,102,T,20.0,20.0,0.0
7N2O,F,103,Q,18.38,18.38,0.0
7N2N,F,95,V,64.19,64.19,0.0
7N2N,F,96,G,6.92,6.92,0.0
7N2N,F,97,L,73.43,26.31,47.12
7N2N,F,98,F,144.75,29.27,115.48
7N2N,F,99,S,38.69,2.65,36.04
7N2N,F,100,T,83.17,3.27,79.91
7N2N,F,101,D,65.34,41.22,24.12
7N2N,F,102,T,16.55,16.55,0.0
7N2N,F,103,Q,16.72,16.72,0.0
